soleil;Je suis en train de peaufiner mon bronzage [destination] du [date de début] au [date de fin]. Malheureusement, le soleil n’éclaire pas ma boîte mail !
soleil;Je m’attaque à un marathon de siestes [destination] du [date de début] au [date de fin]. Les emails devront attendre que je sois de retour à l’ombre !
soleil;Je me consacre à la lecture de romans au bord de la piscine [destination] du [date de début] au [date de fin]. Mes emails prennent, eux aussi, quelques jours de repos !
soleil;Je fais des châteaux de sable [destination] du [date de début] au [date de fin]. Mon téléphone, lui, reste bien au frais !
soleil;Je savoure des cocktails glacés [destination] du [date de début] au [date de fin]. Aucun réseau ici, je vous répondrai à mon retour !
soleil;Je suis en pleine exploration culinaire [destination] du [date de début] au [date de fin]. Mes emails ont, eux aussi, pris des vacances !
soleil;Je teste la résistance de ma serviette de plage [destination] du [date de début] au [date de fin]. Je n’ai malheureusement pas accès à mes mails !
soleil;Je profite des paysages époustouflants [destination] du [date de début] au [date de fin]. Les emails attendront mon retour !
soleil;Je suis en train de nourrir mes talents de photographe [destination] du [date de début] au [date de fin]. Les emails peuvent patienter jusqu'à mon retour !
soleil;Je suis occupé à collectionner des coquillages [destination] du [date de début] au [date de fin]. Inutile de m'envoyer des mails, je suis hors ligne !
soleil;Je fais le plein d’énergie en dégustant des glaces [destination] du [date de début] au [date de fin]. Mon accès aux emails est aussi limité que mon temps à l’ombre !
soleil;Je m’adonne à des promenades relaxantes [destination] du [date de début] au [date de fin]. Pas d'accès aux emails sous ces rayons, désolé !
soleil;Je suis en pleine fête des saveurs [destination] du [date de début] au [date de fin]. Malheureusement, mon téléphone est en mode avion.
soleil;Je suis en train de faire le tour des marchés locaux [destination] du [date de début] au [date de fin]. Aucun email ne peut perturber ce moment !
soleil;Je me prélasse sur ma chaise longue [destination] du [date de début] au [date de fin]. Mes emails attendront bien sagement !
soleil;Je profite de chaque rayon de soleil [destination] du [date de début] au [date de fin]. Les mails attendront, promis !
soleil;Je suis sur un nuage de détente [destination] du [date de début] au [date de fin]. Désolé, je suis déconnecté des mails pour le moment !
soleil;Je fais un plein de découvertes [destination] du [date de début] au [date de fin]. Malheureusement, sans accès aux emails !
soleil;Je suis en train de déguster des fruits tropicaux [destination] du [date de début] au [date de fin]. Pas de connexion, juste du bronzage !
soleil;Je fais un plein de rires et de soleil [destination] du [date de début] au [date de fin]. Je suis en déconnexion totale avec mes emails !
soleil;Je suis en pleine escapade aventureuse [destination] du [date de début] au [date de fin]. J’espère revenir avec des bonnes ondes et un bronzage parfait !
soleil;Je savoure chaque instant de mon voyage [destination] du [date de début] au [date de fin]. Promis, je reviens avec plein de nouvelles idées et d'énergie !
soleil;Je suis en mode détente [destination] du [date de début] au [date de fin]. À mon retour, je serai frais et dispo, prêt à tout affronter !
soleil;Je découvre des paysages enchanteurs [destination] du [date de début] au [date de fin]. Le retour sera marqué par une énergie décuplée !
soleil;Je suis en pleine relaxation [destination] du [date de début] au [date de fin]. J’espère que la vitamine D me donnera un élan d’inspiration !
soleil;Je suis occupé à goûter des plats exotiques [destination] du [date de début] au [date de fin]. Préparez-vous, je reviens en pleine forme !
soleil;Je me laisse porter par le vent [destination] du [date de début] au [date de fin]. Je reviens bientôt, plein de motivation !
soleil;Je m’émerveille devant des couchers de soleil [destination] du [date de début] au [date de fin]. Je reviendrai tout bronzé et tout détendu !
soleil;Je suis en pleine exploration [destination] du [date de début] au [date de fin]. Je reviens avec une peau dorée et plein de nouvelles idées !
soleil;Je fais le plein de souvenirs [destination] du [date de début] au [date de fin]. Promis, je reviendrai plus détendu que jamais !
soleil;Je suis en train de profiter des plaisirs simples [destination] du [date de début] au [date de fin]. Je vous reviens bientôt avec plein d’énergie positive !
soleil;Je me ressource dans la nature [destination] du [date de début] au [date de fin]. Espérons que le soleil me donne un coup de boost pour le retour !
soleil;Je suis sur une île de bonheur [destination] du [date de début] au [date de fin]. Je reviens, bronzé et ressourcé, prêt à attaquer le boulot !
soleil;Je suis en train de créer des souvenirs [destination] du [date de début] au [date de fin]. Attendez-vous à me voir revenir tout bronzé !
soleil;Je fais des expériences culinaires [destination] du [date de début] au [date de fin]. Promis, je reviens bientôt avec plein de souvenirs !
soleil;Je suis en train de me ressourcer [destination] du [date de début] au [date de fin]. Retour garanti avec une mine radieuse !
soleil;Je suis occupé à rencontrer des gens formidables [destination] du [date de début] au [date de fin]. Je reviens frais, bronzé et prêt à repartir !
soleil;Je savoure la tranquillité [destination] du [date de début] au [date de fin]. Je reviendrai reposé et motivé !
soleil;Je suis en train de profiter des plaisirs de la vie [destination] du [date de début] au [date de fin]. À mon retour, je serai ressourcé et plein de vitalité !
soleil;Je suis dans un monde de douceur [destination] du [date de début] au [date de fin]. Attendez-vous à un retour avec le sourire !
mer;Je suis en train de contempler les vagues [destination] du [date de début] au [date de fin]. Malheureusement, mes emails n’ont pas le pied marin !
mer;Je m’attaque à une série de baignades [destination] du [date de début] au [date de fin]. Les emails devront attendre que je sois de retour à terre !
mer;Je me consacre à la lecture sur la plage [destination] du [date de début] au [date de fin]. Mes emails sont en mode marée basse pour quelques jours !
mer;Je fais des châteaux de sable au bord de l’eau [destination] du [date de début] au [date de fin]. Mon téléphone est resté bien au sec !
mer;Je savoure des cocktails en bord de mer [destination] du [date de début] au [date de fin]. Aucun réseau ici, je vous répondrai à mon retour !
mer;Je suis en pleine exploration marine [destination] du [date de début] au [date de fin]. Mes emails ont, eux aussi, pris le large !
mer;Je teste la solidité de mon parasol [destination] du [date de début] au [date de fin]. Je n’ai malheureusement pas accès à mes mails !
mer;Je profite du ressac des vagues [destination] du [date de début] au [date de fin]. Les emails attendront mon retour sur la terre ferme !
mer;Je suis en train de photographier les reflets marins [destination] du [date de début] au [date de fin]. Les emails peuvent patienter, je suis en plein océan d’inspiration !
mer;Je suis occupé à collectionner des coquillages [destination] du [date de début] au [date de fin]. Inutile de m'envoyer des mails, je suis hors ligne !
mer;Je fais le plein d’énergie en nageant [destination] du [date de début] au [date de fin]. Mon accès aux emails est aussi limité que mon accès à la terre ferme !
mer;Je m’adonne à des promenades en bord de mer [destination] du [date de début] au [date de fin]. Pas d'accès aux emails sous cette brise marine, désolé !
mer;Je suis en pleine fête des saveurs marines [destination] du [date de début] au [date de fin]. Malheureusement, mon téléphone est en mode avion.
mer;Je suis en train de faire le tour des plages [destination] du [date de début] au [date de fin]. Aucun email ne peut perturber ce moment !
mer;Je me prélasse sur le sable chaud [destination] du [date de début] au [date de fin]. Mes emails attendront bien sagement !
mer;Je profite de chaque éclat de l’eau [destination] du [date de début] au [date de fin]. Les mails attendront, promis !
mer;Je suis sur un nuage de détente face à l’océan [destination] du [date de début] au [date de fin]. Désolé, je suis déconnecté des mails pour le moment !
mer;Je fais un plein de découvertes marines [destination] du [date de début] au [date de fin]. Malheureusement, sans accès aux emails !
mer;Je suis en train de savourer des fruits de mer [destination] du [date de début] au [date de fin]. Pas de connexion, juste des délices marins !
mer;Je fais un plein de rires et de bains de mer [destination] du [date de début] au [date de fin]. Je suis en déconnexion totale avec mes emails !
mer;Je suis en pleine escapade côtière [destination] du [date de début] au [date de fin]. J’espère revenir avec des bonnes ondes et un bronzage parfait !
mer;Je savoure chaque instant face à la mer [destination] du [date de début] au [date de fin]. Promis, je reviens avec plein de nouvelles idées et d'énergie !
mer;Je suis en mode détente au bord de l’eau [destination] du [date de début] au [date de fin]. À mon retour, je serai frais et dispo, prêt à tout affronter !
mer;Je découvre des paysages maritimes enchanteurs [destination] du [date de début] au [date de fin]. Le retour sera marqué par une énergie décuplée !
mer;Je suis en pleine relaxation marine [destination] du [date de début] au [date de fin]. J’espère que la brise marine me donnera un élan d’inspiration !
mer;Je suis occupé à goûter des plats de la mer [destination] du [date de début] au [date de fin]. Préparez-vous, je reviens en pleine forme !
mer;Je me laisse porter par les vagues [destination] du [date de début] au [date de fin]. Je reviens bientôt, plein de motivation !
mer;Je m’émerveille devant des couchers de soleil sur l’eau [destination] du [date de début] au [date de fin]. Je reviendrai tout bronzé et tout détendu !
mer;Je suis en pleine exploration des fonds marins [destination] du [date de début] au [date de fin]. Je reviens avec une peau dorée et plein de nouvelles idées !
mer;Je fais le plein de souvenirs marins [destination] du [date de début] au [date de fin]. Promis, je reviendrai plus détendu que jamais !
mer;Je suis en train de profiter des plaisirs simples en bord de mer [destination] du [date de début] au [date de fin]. Je vous reviens bientôt avec plein d’énergie positive !
mer;Je me ressource face à l’océan [destination] du [date de début] au [date de fin]. Espérons que l’air marin me donne un coup de boost pour le retour !
mer;Je suis sur une île paradisiaque [destination] du [date de début] au [date de fin]. Je reviens, bronzé et ressourcé, prêt à attaquer le boulot !
mer;Je suis en train de créer des souvenirs marins [destination] du [date de début] au [date de fin]. Attendez-vous à me voir revenir tout bronzé !
mer;Je fais des expériences culinaires en bord de mer [destination] du [date de début] au [date de fin]. Promis, je reviens bientôt avec plein de souvenirs !
mer;Je suis en train de me ressourcer au bord de l’eau [destination] du [date de début] au [date de fin]. Retour garanti avec une mine radieuse !
mer;Je suis occupé à rencontrer des gens formidables au bord de la mer [destination] du [date de début] au [date de fin]. Je reviens frais, bronzé et prêt à repartir !
mer;Je savoure la tranquillité de la mer [destination] du [date de début] au [date de fin]. Je reviendrai reposé et motivé !
mer;Je suis en train de profiter des plaisirs de la mer [destination] du [date de début] au [date de fin]. À mon retour, je serai ressourcé et plein de vitalité !
mer;Je suis dans un monde de douceur marine [destination] du [date de début] au [date de fin]. Attendez-vous à un retour avec le sourire !
campagne;Je me promène entre champs et forêts [destination] du [date de début] au [date de fin]. Mes emails profitent d'une pause bucolique.
campagne;Je me ressource au milieu des collines [destination] du [date de début] au [date de fin]. Les emails devront attendre mon retour à la civilisation !
campagne;Je savoure le calme des prairies [destination] du [date de début] au [date de fin]. Mes emails sont en train de se perdre dans les herbes hautes !
campagne;Je suis en mode déconnexion totale, entouré de verdure [destination] du [date de début] au [date de fin]. Mes emails prennent une pause champêtre !
campagne;Je profite du chant des oiseaux et du vent dans les arbres [destination] du [date de début] au [date de fin]. Les emails sont bien loin des sentiers de randonnée.
campagne;Je me laisse bercer par le son des ruisseaux et le parfum des fleurs sauvages [destination] du [date de début] au [date de fin]. Mes emails sont au repos parmi les coquelicots !
campagne;Je suis en pleine randonnée à travers la nature [destination] du [date de début] au [date de fin]. Mes emails se promènent quelque part dans les champs.
campagne;Je suis au cœur de la tranquillité rurale [destination] du [date de début] au [date de fin]. Les emails se reposent sous un pommier !
campagne;Je me détends dans une ferme rustique [destination] du [date de début] au [date de fin]. Mes emails sont en train de prendre l'air avec les animaux !
campagne;Je savoure l’odeur des foins et la douceur des couchers de soleil [destination] du [date de début] au [date de fin]. Les emails attendent patiemment dans la grange !
campagne;Je suis en pleine cueillette de fruits et légumes frais [destination] du [date de début] au [date de fin]. Mes emails sont en train de mûrir quelque part !
campagne;Je me balade dans les champs de tournesols [destination] du [date de début] au [date de fin]. Les emails sont restés en ville, loin de la campagne.
campagne;Je prends du temps pour m’imprégner du calme champêtre [destination] du [date de début] au [date de fin]. Mes emails sont en pause au milieu des blés dorés !
campagne;Je profite d’un séjour à la ferme [destination] du [date de début] au [date de fin]. Mes emails ont pris congé pour courir dans les prairies !
campagne;Je suis en train de savourer un pique-nique sous les arbres [destination] du [date de début] au [date de fin]. Mes emails sont en balade à travers champs !
campagne;Je me détends au milieu de la nature, loin du tumulte [destination] du [date de début] au [date de fin]. Mes emails ont pris racine dans un champ de fleurs !
campagne;Je suis en train de savourer le calme des sentiers de campagne [destination] du [date de début] au [date de fin]. Les emails sont en train de brouter dans les prés.
campagne;Je me perds entre les collines verdoyantes [destination] du [date de début] au [date de fin]. Mes emails font une pause au milieu des tournesols.
campagne;Je respire l’air frais de la campagne [destination] du [date de début] au [date de fin]. Mes emails se ressourcent sous un ciel sans nuages !
campagne;Je suis en train de découvrir la beauté simple des paysages ruraux [destination] du [date de début] au [date de fin]. Mes emails sont partis faire une sieste sous un arbre.
campagne;Je me balade à travers les sentiers de campagne [destination] du [date de début] au [date de fin]. Un retour plein de sérénité et d'inspiration m'attend !
campagne;Je m’immerge dans le calme des champs et des forêts [destination] du [date de début] au [date de fin]. Promis, je reviens ressourcé et prêt à repartir !
campagne;Je profite d'une échappée dans la nature [destination] du [date de début] au [date de fin]. Mon retour sera marqué par une énergie renouvelée !
campagne;Je découvre les petits chemins de campagne [destination] du [date de début] au [date de fin]. Je reviendrai inspiré par cette tranquillité naturelle !
campagne;Je suis en train de savourer des produits frais de la ferme [destination] du [date de début] au [date de fin]. Attendez-vous à mon retour, plein de nouvelles idées !
campagne;Je me perds dans la douceur des paysages champêtres [destination] du [date de début] au [date de fin]. Je reviendrai avec l’énergie calme des champs !
campagne;Je m’émerveille devant les couchers de soleil sur les prairies [destination] du [date de début] au [date de fin]. À mon retour, je serai totalement revitalisé !
campagne;Je profite de la simplicité de la vie rurale [destination] du [date de début] au [date de fin]. Préparez-vous, je reviens apaisé et rechargé !
campagne;Je savoure le charme des villages pittoresques [destination] du [date de début] au [date de fin]. À mon retour, je serai plein de nouvelles perspectives !
campagne;Je prends un grand bol d'air frais en randonnée [destination] du [date de début] au [date de fin]. Le retour à la réalité sera plus doux grâce à cette pause nature !
campagne;Je me ressource au milieu des champs verdoyants [destination] du [date de début] au [date de fin]. Mon retour sera empli de fraîcheur et de tranquillité !
campagne;Je suis en train de faire le plein de quiétude au milieu des vaches [destination] du [date de début] au [date de fin]. Promis, je reviens avec des idées ensoleillées !
campagne;Je suis en pleine contemplation des fleurs des champs [destination] du [date de début] au [date de fin]. Je reviendrai avec une inspiration renouvelée !
campagne;Je me laisse bercer par le bruissement des feuilles [destination] du [date de début] au [date de fin]. Je reviendrai apaisé et prêt à de nouveaux défis !
campagne;Je profite de la lenteur des journées à la campagne [destination] du [date de début] au [date de fin]. Mon retour sera calme mais efficace !
campagne;Je découvre la sérénité des chemins champêtres [destination] du [date de début] au [date de fin]. Je reviens bientôt, rechargé par la nature !
campagne;Je suis en pleine dégustation de produits du terroir [destination] du [date de début] au [date de fin]. Préparez-vous, je reviendrai plein d’inspiration !
campagne;Je m’imprègne de la simplicité et de la beauté des paysages ruraux [destination] du [date de début] au [date de fin]. Mon retour sera empli de sérénité et de fraîcheur !
campagne;Je me laisse porter par le rythme lent de la campagne [destination] du [date de début] au [date de fin]. Je reviendrai ressourcé et prêt à l’action !
campagne;Je savoure chaque moment au milieu de la nature [destination] du [date de début] au [date de fin]. Je reviendrai inspiré et prêt à repartir à l’aventure !
montagne;Je suis en train de dévaler les pistes [destination] du [date de début] au [date de fin]. Mes emails sont restés au chalet, bien au chaud !
montagne;Je m’attaque à des descentes en ski [destination] du [date de début] au [date de fin]. Les emails devront attendre mon retour au sommet !
montagne;Je me consacre au perfectionnement de mon carving [destination] du [date de début] au [date de fin]. Mes emails sont en hibernation dans le télésiège !
montagne;Je construis des bonhommes de neige entre deux pistes [destination] du [date de début] au [date de fin]. Mon téléphone est resté dans les gants !
montagne;Je savoure une pause au pied des pistes [destination] du [date de début] au [date de fin]. Aucun réseau ici, je vous répondrai à mon retour !
montagne;Je suis en pleine exploration des pistes vierges [destination] du [date de début] au [date de fin]. Mes emails sont en train de prendre une pause enneigée !
montagne;Je teste mes talents en ski de fond [destination] du [date de début] au [date de fin]. Mes emails sont restés bien au chaud à la station !
montagne;Je profite des remontées mécaniques [destination] du [date de début] au [date de fin]. Les emails attendront mon retour au chalet !
montagne;Je suis en train de capturer des vues de sommets enneigés [destination] du [date de début] au [date de fin]. Les emails peuvent patienter, je suis trop occupé à admirer le panorama !
montagne;Je suis occupé à explorer les pistes de ski [destination] du [date de début] au [date de fin]. Inutile de m'envoyer des mails, je suis hors ligne sur la neige !
montagne;Je fais le plein d’énergie en snowboardant [destination] du [date de début] au [date de fin]. Mon accès aux emails est aussi rare que la poudreuse parfaite !
montagne;Je m’adonne aux joies du ski de randonnée [destination] du [date de début] au [date de fin]. Pas d'accès aux emails entre deux sommets, désolé !
montagne;Je suis en pleine dégustation de chocolat chaud après une session de ski [destination] du [date de début] au [date de fin]. Malheureusement, mon téléphone est en mode après-ski.
montagne;Je suis en train de faire le tour des pistes noires [destination] du [date de début] au [date de fin]. Aucun email ne peut perturber ce moment de descente intense !
montagne;Je me prélasse dans un jacuzzi après une longue journée de ski [destination] du [date de début] au [date de fin]. Mes emails attendront bien sagement !
montagne;Je profite de chaque descente [destination] du [date de début] au [date de fin]. Les mails attendront, promis, je suis trop occupé à slalomer !
montagne;Je suis sur un nuage de neige fraîche [destination] du [date de début] au [date de fin]. Désolé, je suis déconnecté des mails pour le moment, en pleine glisse !
montagne;Je fais un plein de virages serrés sur les pistes [destination] du [date de début] au [date de fin]. Malheureusement, sans accès aux emails !
montagne;Je suis en train de savourer une fondue savoyarde après une journée de ski [destination] du [date de début] au [date de fin]. Pas de connexion, juste du fromage fondu !
montagne;Je fais un plein de rires et de poudreuse [destination] du [date de début] au [date de fin]. Je suis en déconnexion totale avec mes emails !
montagne;Je suis en pleine escapade alpine sur les pistes [destination] du [date de début] au [date de fin]. J’espère revenir avec des bonnes ondes et des cuisses d’acier !
montagne;Je savoure chaque descente à ski [destination] du [date de début] au [date de fin]. Promis, je reviens avec plein de nouvelles idées et d'énergie !
montagne;Je suis en mode détente après-ski [destination] du [date de début] au [date de fin]. À mon retour, je serai frais et dispo, prêt à tout affronter !
montagne;Je découvre des paysages alpins entre deux pistes [destination] du [date de début] au [date de fin]. Le retour sera marqué par une énergie décuplée !
montagne;Je suis en pleine relaxation dans une station enneigée [destination] du [date de début] au [date de fin]. J’espère que la neige fraîche me donnera un élan d’inspiration !
montagne;Je suis occupé à goûter des spécialités montagnardes après le ski [destination] du [date de début] au [date de fin]. Préparez-vous, je reviens en pleine forme !
montagne;Je me laisse porter par la descente en luge [destination] du [date de début] au [date de fin]. Je reviens bientôt, plein de motivation !
montagne;Je m’émerveille devant des sommets enneigés au lever du soleil [destination] du [date de début] au [date de fin]. Je reviendrai tout revitalisé et détendu !
montagne;Je suis en pleine exploration des hors-pistes [destination] du [date de début] au [date de fin]. Je reviens avec une peau fraîche et plein de nouvelles idées !
montagne;Je fais le plein de souvenirs de ski [destination] du [date de début] au [date de fin]. Promis, je reviendrai plus détendu que jamais !
montagne;Je suis en train de profiter des plaisirs simples des pistes [destination] du [date de début] au [date de fin]. Je vous reviens bientôt avec plein d’énergie positive !
montagne;Je me ressource en ski de fond [destination] du [date de début] au [date de fin]. Espérons que la poudreuse me donne un coup de boost pour le retour !
montagne;Je suis sur un pic enneigé [destination] du [date de début] au [date de fin]. Je reviens, ressourcé et prêt à gravir de nouveaux défis !
montagne;Je suis en train de créer des souvenirs dans la neige [destination] du [date de début] au [date de fin]. Attendez-vous à me voir revenir plein d’énergie !
montagne;Je fais des expériences culinaires au sommet [destination] du [date de début] au [date de fin]. Promis, je reviens bientôt avec plein de souvenirs gourmands !
montagne;Je suis en train de me ressourcer après une journée de ski [destination] du [date de début] au [date de fin]. Retour garanti avec une mine rayonnante !
montagne;Je suis occupé à rencontrer des gens formidables sur les pistes [destination] du [date de début] au [date de fin]. Je reviens frais et prêt à attaquer de nouveaux défis !
montagne;Je savoure la tranquillité des montagnes enneigées [destination] du [date de début] au [date de fin]. Je reviendrai reposé et motivé !
montagne;Je suis en train de profiter des plaisirs de la glisse [destination] du [date de début] au [date de fin]. À mon retour, je serai ressourcé et plein de vitalité !
montagne;Je suis dans un monde de douceur enneigée [destination] du [date de début] au [date de fin]. Attendez-vous à un retour avec le sourire et des souvenirs plein la tête !
maison;Je me ressource [destination] du [date de début] au [date de fin]. Promis, je reviens totalement zen !
maison;Je profite de moments de détente [destination] du [date de début] au [date de fin]. J’espère revenir avec une bonne dose d’inspiration !
maison;Je prends du temps pour moi [destination] du [date de début] au [date de fin]. Je reviendrai frais et dispo, prêt pour de nouveaux défis !
maison;Je fais une pause bien méritée [destination] du [date de début] au [date de fin]. Le retour sera plus énergique que jamais !
maison;Je me déconnecte [destination] du [date de début] au [date de fin]. Retour prévu avec un sourire encore plus large !
maison;Je suis en pleine découverte [destination] du [date de début] au [date de fin]. Je reviendrai l’esprit rafraîchi et plein de nouvelles idées !
maison;Je me laisse vivre [destination] du [date de début] au [date de fin]. À mon retour, je serai prêt pour de nouvelles aventures... au bureau !
maison;Je prends le temps de souffler [destination] du [date de début] au [date de fin]. Retour avec une énergie toute neuve garanti !
maison;Je me fais plaisir [destination] du [date de début] au [date de fin]. Préparez-vous, je reviens avec une attitude ultra relax !
maison;Je savoure des moments uniques [destination] du [date de début] au [date de fin]. Vous me retrouverez totalement rechargé !
maison;Je m’évade pour un temps [destination] du [date de début] au [date de fin]. Je reviendrai prêt à conquérir le monde (ou presque) !
maison;Je fais une pause [destination] du [date de début] au [date de fin]. Espérons que ce moment de repos m’apporte une grande sagesse !
maison;Je prends un moment de calme [destination] du [date de début] au [date de fin]. Le retour sera marqué par une bonne dose d’enthousiasme !
maison;Je m’accorde une pause détente [destination] du [date de début] au [date de fin]. Je reviens avec des batteries pleines à 100% !
maison;Je recharge mes batteries [destination] du [date de début] au [date de fin]. Attendez-vous à une productivité décuplée à mon retour !
maison;Je me ressource loin du quotidien [destination] du [date de début] au [date de fin]. Je reviendrai avec un esprit tout neuf !
maison;Je prends une pause relaxante [destination] du [date de début] au [date de fin]. Je reviens prêt à briller au bureau !
maison;Je profite d'un temps de repos bien mérité [destination] du [date de début] au [date de fin]. Le retour se fera en pleine forme !
maison;Je m’accorde un temps de repos [destination] du [date de début] au [date de fin]. Mon retour sera sous le signe de la sérénité !
maison;Je me repose tranquillement [destination] du [date de début] au [date de fin]. À mon retour, je serai complètement régénéré !
maison;Je prends soin de moi [destination] du [date de début] au [date de fin]. À mon retour, préparez-vous à voir une version reboostée de moi-même !
maison;Je profite d’un moment de calme et de silence [destination] du [date de début] au [date de fin]. Le retour sera accompagné de sérénité.
maison;Je prends du temps pour me recentrer [destination] du [date de début] au [date de fin]. Je reviendrai avec des idées fraîches et une motivation renouvelée !
maison;Je déconnecte du quotidien [destination] du [date de début] au [date de fin]. Vous me retrouverez relaxé et plein d’énergie !
maison;Je savoure le calme de chez moi [destination] du [date de début] au [date de fin]. Retour prévu avec une zen attitude et des idées créatives !
maison;Je prends une pause bien méritée à la maison [destination] du [date de début] au [date de fin]. Mes batteries seront rechargées à 100 % à mon retour !
maison;Je me mets en mode cocooning [destination] du [date de début] au [date de fin]. Retour prévu avec un maximum de confort mental !
maison;Je me détends dans mon havre de paix [destination] du [date de début] au [date de fin]. Mon retour sera plus serein que jamais !
maison;Je profite d'un bon moment chez moi [destination] du [date de début] au [date de fin]. Le retour s’annonce frais et dispo !
maison;Je me concentre sur la détente à la maison [destination] du [date de début] au [date de fin]. Je reviendrai en pleine forme, prêt pour de nouveaux défis !
maison;Je fais une pause relax à domicile [destination] du [date de début] au [date de fin]. Mon retour sera tout aussi doux que mon repos !
maison;Je m'accorde du temps à la maison [destination] du [date de début] au [date de fin]. Je reviendrai plein de vitalité et d’enthousiasme !
maison;Je profite du confort de mon chez-moi [destination] du [date de début] au [date de fin]. Vous me retrouverez totalement zen et reboosté !
maison;Je me recentre chez moi [destination] du [date de début] au [date de fin]. À mon retour, attendez-vous à une version ultra-positive de moi-même !
maison;Je prends une pause maison bien méritée [destination] du [date de début] au [date de fin]. Je reviendrai avec une énergie toute neuve !
maison;Je fais le plein d'énergie à la maison [destination] du [date de début] au [date de fin]. Le retour sera synonyme de bonne humeur et de créativité !
maison;Je m'octroie une parenthèse détente à la maison [destination] du [date de début] au [date de fin]. Mon retour se fera en pleine forme et avec un sourire !
maison;Je profite de la tranquillité chez moi [destination] du [date de début] au [date de fin]. Retour attendu avec une énergie décuplée !
maison;Je me ressource à domicile [destination] du [date de début] au [date de fin]. Mon retour sera aussi lumineux qu'un matin d'été !
maison;Je m'accorde un moment de calme à la maison [destination] du [date de début] au [date de fin]. Je reviendrai revigoré et prêt pour de nouveaux projets !
backup;En mon absence, vous pouvez contacter [backup], qui est toujours très compétent pour répondre à vos questions.
backup;Pour toute demande urgente, n'hésitez pas à solliciter [backup], un professionnel exceptionnel qui se fera un plaisir de vous aider.
backup;En cas de besoin, [backup], avec son expertise, est à votre disposition pour répondre à vos questions.
backup;Si vous avez besoin d’assistance, veuillez vous adresser à [backup], qui est non seulement efficace mais aussi très sympathique.
backup;En mon absence, vous pouvez toujours vous tourner vers [backup], qui saura vous apporter des solutions pertinentes.
backup;Pour toute question, [backup] est disponible et prêt à vous apporter son soutien grâce à sa grande expérience.
backup;En cas d’urgence, n’hésitez pas à contacter [backup], qui est compétent et saura gérer votre demande rapidement.
backup;Si vous avez des préoccupations, [backup] est la personne idéale à contacter en mon absence.
backup;Pour toute demande d’information, je vous invite à solliciter [backup], qui est toujours bien informé et très serviable.
backup;En cas de nécessité, n’hésitez pas à vous adresser à [backup], qui est connu pour son excellent service.
backup;Si vous avez besoin d'aide, [backup] est là pour vous accompagner grâce à son expertise inégalée.
backup;En mon absence, je vous recommande de contacter [backup], qui est toujours à l’écoute et prêt à aider.
backup;Pour toute question, [backup] sera ravi de vous apporter son soutien, étant reconnu pour sa réactivité.
backup;En cas de besoin, n’hésitez pas à solliciter [backup], qui est réputé pour son professionnalisme.
backup;Si vous avez des questions, vous pouvez vous adresser à [backup], qui est une personne de confiance.
backup;Pour toute demande urgente, contactez [backup], qui est connu pour sa rapidité et son efficacité.
backup;En mon absence, [backup] est disponible pour vous fournir toute l'aide nécessaire avec un grand sens du service.
backup;Pour toute assistance, je vous invite à contacter [backup], qui saura vous répondre avec diligence.
backup;Si vous avez besoin d’aide, n’hésitez pas à solliciter [backup], dont l’expertise est très appréciée.
backup;En cas de questions, [backup] est à votre disposition pour répondre à vos demandes avec professionnalisme.
backup;Vous pouvez contacter [backup] en mon absence pour toute information complémentaire, il est toujours très utile.
backup;Pour toute question ou préoccupation, n’hésitez pas à solliciter l’assistance de [backup], qui est très compétent.
backup;En mon absence, [backup] est là pour vous aider avec toutes vos demandes, grâce à son expérience solide.
backup;Si vous avez besoin d'assistance, veuillez contacter [backup], qui est reconnu pour son efficacité et sa gentillesse.
backup;Pour toute question, je vous recommande de solliciter [backup], qui est toujours bien informé et serviable.
backup;En cas de nécessité, [backup] est à votre disposition pour répondre à vos préoccupations avec professionnalisme.
backup;Si vous avez des besoins urgents, n'hésitez pas à contacter [backup] pour une assistance rapide et efficace.
backup;En mon absence, vous pouvez vous adresser à [backup] pour toute assistance nécessaire, il est toujours d’un grand secours.
backup;Pour toute demande d’information, [backup] sera en mesure de vous aider efficacement, il est très compétent.
backup;Si vous avez besoin d'aide, n'hésitez pas à solliciter [backup] en mon absence, il saura répondre à vos attentes.
backup;En cas de besoin, [backup] est disponible pour répondre à vos questions et préoccupations, toujours avec le sourire.
backup;Pour toute question ou demande, vous pouvez contacter [backup], qui se tient à votre disposition avec efficacité.
backup;En mon absence, n'hésitez pas à solliciter [backup], qui est une personne formidable et toujours prête à aider.
backup;Si vous avez besoin de renseignements, [backup] est votre contact privilégié en mon absence, il est exceptionnel.
backup;Pour toute assistance requise, je vous encourage à contacter [backup], qui est très fiable et efficace.
backup;En mon absence, [backup] peut vous apporter le soutien nécessaire grâce à son excellente connaissance des sujets.
backup;Si vous avez des préoccupations, n'hésitez pas à vous adresser à [backup], qui est toujours à votre écoute.
backup;Pour toute demande urgente, [backup] est à votre disposition pour vous aider rapidement, il est très efficace.
backup;En cas de besoin, je vous invite à contacter [backup], qui pourra répondre à vos questions avec compétence.
backup;Si vous avez besoin d'assistance, veuillez vous adresser à [backup], qui saura vous orienter avec professionnalisme.
conclusion;Merci de votre compréhension, je suis en pleine phase de relaxation intense.
conclusion;Je vous recontacterai dès que j'aurai trouvé la recette du parfait équilibre entre détente et zenitude.
conclusion;Merci pour votre patience. Je suis en train de perfectionner mon art de la relaxation.
conclusion;Je reviendrai dès que j'ai terminé ma cure de tranquillité.
conclusion;Merci de votre compréhension. Je suis en mission pour explorer le bonheur d'une vie sans stress.
conclusion;Je reviens bientôt, en pleine recherche du meilleur moyen de se relaxer sans culpabilité.
conclusion;Je suis actuellement en pleine méditation sur l'importance de se ressourcer.
conclusion;Merci de votre patience, je travaille dur à développer mes compétences en relaxation.
conclusion;Je vous remercie pour votre compréhension. Je suis en train de découvrir les joies d'une vie apaisée.
conclusion;Je reviens bientôt, après avoir testé toutes les techniques de relaxation possibles.
conclusion;Merci pour votre compréhension, je suis actuellement en mode "chill" complet.
conclusion;Je vous recontacterai dès que ma quête de sérénité sera terminée.
conclusion;Merci de votre patience, je suis en train de perfectionner l'art de ne rien faire.
conclusion;Je vous remercie pour votre compréhension. Je suis en pleine quête de paix intérieure.
conclusion;Je reviens dès que j'ai trouvé l'endroit idéal pour me ressourcer.
conclusion;Merci de votre compréhension, je suis en train d'explorer le monde de la détente ultime.
conclusion;Je reviendrai bientôt, avec une maîtrise totale de l'art de la tranquillité.
conclusion;Merci de votre patience, je suis en pleine immersion dans une aventure relaxante.
conclusion;Je vous remercie pour votre compréhension, je suis occupé à affiner mon niveau de zenitude.
conclusion;Je reviens dès que j'ai trouvé la clé de la sérénité.
conclusion;Merci de votre compréhension, je suis entouré de paysages à couper le souffle.
conclusion;Je vous recontacterai dès que j’aurai fini d'admirer la beauté de la nature qui m’entoure.
conclusion;Merci pour votre patience, je suis actuellement en pleine exploration de panoramas inspirants.
conclusion;Je reviendrai bientôt, probablement après avoir contemplé des paysages majestueux.
conclusion;Merci de votre compréhension. Je suis en train de découvrir de nouvelles merveilles de la nature.
conclusion;Je reviens dès que j’ai pris le temps de profiter des vues spectaculaires qui m’entourent.
conclusion;Merci de votre patience, je suis en train d'explorer des horizons enchanteurs.
conclusion;Je vous remercie pour votre compréhension. Je suis en quête de beauté naturelle.
conclusion;Je reviens bientôt, probablement avec des histoires inspirantes de mes explorations en pleine nature.
conclusion;Merci de votre compréhension, je suis en train de m’imprégner des merveilles de la nature.
conclusion;Je vous recontacterai dès que j’aurai terminé ma visite de paysages époustouflants.
conclusion;Merci pour votre patience, je suis en train d'explorer les trésors de la nature.
conclusion;Je reviens dès que j'ai capturé la beauté de la nature dans mon cœur.
conclusion;Je vous remercie pour votre compréhension. Je suis en train d’admirer la richesse des paysages qui m’entourent.
conclusion;Je reviens bientôt, enrichi par ma découverte des merveilles de la nature.
conclusion;Merci de votre compréhension, je suis en pleine immersion dans des panoramas enchanteurs.
conclusion;Je vous recontacterai dès que j’ai terminé d’admirer les paysages qui me fascinent.
conclusion;Merci de votre patience, je suis en train de découvrir des horizons à couper le souffle.
conclusion;Je vous remercie pour votre compréhension. Je suis occupé à savourer la beauté de la nature.
conclusion;Je reviens dès que j'ai terminé ma quête pour capturer la magie des paysages qui m’entourent.
